url,linkOnPage
https://graversenwarming48.skyrock.com/3332106094-Interior-design-is-among-one-of-all-those-routines-that-many-people.html,https://www.7wdinteriordesign.com/
http://newtonmcpherson56.iktogo.com/post/you-may-have-many-concepts-in-your-mind-about-what-you-should-much-like-your-house-to-appear-to-be-t,https://www.7wdinteriordesign.com/
http://casathome.ihep.ac.cn/team_display.php?teamid=689584,https://www.7wdinteriordesign.com/
https://www.blackplanet.com/wilsontrevino60/message/21061573,https://www.7wdinteriordesign.com/
https://foursquare.com/user/587275875/list/if-you-would-like-affect-the-way-your-house-seems,https://www.7wdinteriordesign.com/
https://www.liveinternet.ru/users/mosegaard_bonde/post469438483,https://www.7wdinteriordesign.com/
https://pbase.com/topics/wilsonmccaffrey18/home_design_isnt_exclusivel,https://www.7wdinteriordesign.com/
https://csgrid.org/csg/team_display.php?teamid=412030,https://www.7wdinteriordesign.com/
http://davidsonmcpherson87.jigsy.com/resource/blog/import,https://www.7wdinteriordesign.com/
https://telegra.ph/If-you-wish-to-get-involved-with-decor-but-arent-sure-where-to-start-you-possess-come-to-the-right-position-Being-a-excellent-in-04-21,https://www.7wdinteriordesign.com/
http://holmesgraversen21.xtgem.com/__xt_blog/__xtblog_entry/15472718-creating-your-home-s-interior-in-how-that-you-would-like-generally-is-one-of-probably-the-most-fulfilling-actions-you-can-take.-from-picking-out-the-home-furniture-to-coordinating-accents-interior-decorating-can-be-really-exciting.-look-at-the-listed-bel#xt_blog,https://www.7wdinteriordesign.com/
https://davidsonmcpherson51.webgarden.cz/rubriky/davidsonmcpherson51-s-blog/what-s-great-about-home-design,https://www.7wdinteriordesign.com/
https://justpaste.it/4fzlu,https://www.7wdinteriordesign.com/
http://davidsondavidson79.booklikes.com/post/2294981/the-economic-system-is-beginning-to-get-a-lot-more-so-far-more-everyone-is-being-interested-in-planning-the-interior-of-their-homes-if-you-wish-to-assist-your-property-look-good-and-help-the-economic-climate-return-on-its-job-then-invest-money-and-time,https://www.7wdinteriordesign.com/
https://pastecode.xyz/view/93d9d4df,https://www.7wdinteriordesign.com/
https://pastebin.pl/view/6f6a491d,https://www.7wdinteriordesign.com/
https://trevinonewton39.doodlekit.com/blog/entry/8350647/once-you-lay-out-to-boost-your-property-you-might-be-overloaded-by-each-of-the-actions-you-can-take-to-produce-your-home-seem-better-however-you-do-not-have-to-complete-almost-everything-at-once-here-are-some-actions-to-take-to-enhance-your-property-without-having-to-spend-a-lot-of-money-or-getting-too-much-on,https://www.7wdinteriordesign.com/
https://www.openlearning.com/u/holmesmccaffrey37/blog/AreYouSearchingForArtisticApproachesToCreateYourResidenceLookGreaterThroughDecorWouldYouDoNotHaveTheInformationToHelpYouMakeThoseModificationsIfYouHaveReadOnAsTheWriteUpUnderWillPresentYouManyWaysThatHappenToBeSimpleAndEasyWillOfferYourPropertyThatGreatFreshLook/,https://www.7wdinteriordesign.com/
https://mccaffreymcpherson95.site123.me/#section-5d664768a902e,https://www.7wdinteriordesign.com/
https://wilsonnewton42.tumblr.com/post/616024215969300480/for-many-home-design-can-be-something-which-comes,https://www.7wdinteriordesign.com/
https://trevinograversen42.werite.net/post/2020/04/21/How-you-will-style-your-house-really-sets-the-mood-for-your-overall-family.-It-is-actually-crucial-that-your-models-are-harmonious-and-work-well-together-with-your-setting.-Take-advantage-of-the-ideas-inside-the-post-under-to-assist-you-to-add-,https://www.7wdinteriordesign.com/
https://davidsonnewton88.bravejournal.net/post/2020/04/21/A-topic-like-interior-design-does-not-have-to-be-one-who-is-difficult-that-you-should-understanding.-Anyone-can-understand-the-essentials-of-interior-design-and-correct-up-their-house.-Consider-getting-some-ideas-straight-down-for-how-you-might,https://www.7wdinteriordesign.com/
"https://wilsonnewton58.bladejournal.com/post/2020/04/21/In-the-event-the-spot-you-are-living-in-now-has-changed-into-a-messy-chaos,-or-maybe-you-are-simply-looking-to-increase-a-few-components,-then-your-report-beneath-gives-you-numerous-excellent-decorating-tips.-Interior-decorating-is-definitely-a",https://www.7wdinteriordesign.com/
https://wilsonnewton38.webs.com/apps/blog/show/48129720-the-size-of-an-area-may-be-influenced-significantly-by-altering-any-illumination-moving-household-furniture-and-also-the-option-of-color-lighter-weight-airier-spaces-tend-to-have-larger-microsoft-windows-and-lighter-weight-colours-by-way-of-example-i,https://www.7wdinteriordesign.com/
https://diigo.com/0hby61,https://www.7wdinteriordesign.com/
https://holmesgraversen90.hatenablog.com/,https://www.7wdinteriordesign.com/
https://www.storeboard.com/blogs/automotive/generating-changes-to-your-home-is-usually-an-exciting-factor-to-think-about-but-one-thing-tougher-to-truly-implement-home-design-lacks-to-be-difficult-and-also-the-abilities-of-your-expert-will-not-be-essential-to-make-a-fabulous-living-space-look-at-thi/2449079,https://www.7wdinteriordesign.com/
http://graversenholmes42.mystrikingly.com/,https://www.7wdinteriordesign.com/
https://mcnamaratimmermann157.shutterfly.com/21,https://www.7wdinteriordesign.com/
